<?xml version="1.0" encoding="UTF-8"?>
<project-private xmlns="http://www.netbeans.org/ns/project-private/1">
    <editor-bookmarks xmlns="http://www.netbeans.org/ns/editor-bookmarks/2" lastBookmarkId="0"/>
    <open-files xmlns="http://www.netbeans.org/ns/projectui-open-files/2">
        <group>
            <file>file:/C:/Users/Tomas/Documents/NetBeansProjects/MineSweepv2/src/minesweepv2/ConsoleGame.java</file>
            <file>file:/C:/Users/Tomas/Documents/NetBeansProjects/MineSweepv2/src/minesweepv2/Main.java</file>
            <file>file:/C:/Users/Tomas/Documents/NetBeansProjects/MineSweepv2/test/minesweepv2/GameTest.java</file>
            <file>file:/C:/Users/Tomas/Documents/NetBeansProjects/MineSweepv2/src/minesweepv2/GameLogic.java</file>
            <file>file:/C:/Users/Tomas/Documents/NetBeansProjects/MineSweepv2/src/minesweepv2/GameBoard.java</file>
            <file>file:/C:/Users/Tomas/Documents/NetBeansProjects/MineSweepv2/src/minesweepv2/Game.java</file>
        </group>
    </open-files>
</project-private>
